Source,Target,Weight
Data,Machine Learning,751
Data,Research,748
Data,Base,711
Data,Modeling,659
Data,Methods,648
Machine Learning,Research,643
Data,Goals,639
Data,Improved,616
Machine Learning,Base,608
Research,Base,575
Machine Learning,Modeling,568
Data,Time,566
Data,Tool,565
Data,Development,556
Data,Work,554
Goals,Research,553
Modeling,Research,553
Clinical,Data,550
Machine Learning,Methods,550
Methods,Research,548
Data,Novel,546
Modeling,Base,539
Goals,Machine Learning,534
Machine Learning,Improved,534
Address,Data,527
Research,Improved,523
Methods,Base,521
Base,Improved,516
Data,Data Set,514
Goals,Base,508
Development,Research,505
Data,Research Personnel,501
Methods,Modeling,489
Data,Training,488
Machine Learning,Time,481
Data,Patients,478
Research,Tool,475
Development,Machine Learning,475
Clinical,Research,472
Machine Learning,Tool,470
Research,Time,468
Time,Base,468
Base,Tool,462
Clinical,Base,460
Goals,Modeling,459
Research,Work,459
Machine Learning,Work,457
Modeling,Improved,456
Research,Research Personnel,456
Address,Research,455
Goals,Methods,455
Work,Base,453
Clinical,Machine Learning,453
Address,Machine Learning,452
Research,Novel,451
Development,Base,450
Data,Testing,447
Methods,Improved,447
Base,Novel,446
Machine Learning,Novel,443
Goals,Improved,441
Data Set,Machine Learning,436
Machine Learning,Training,436
Research,Training,430
Data,System,428
Modeling,Time,425
Address,Base,423
Methods,Tool,422
Methods,Novel,421
Machine Learning,Research Personnel,421
Data,Design,420
Clinical,Goals,418
Modeling,Tool,417
Data Set,Research,416
Goals,Tool,415
Data Set,Base,415
Modeling,Novel,415
Goals,Time,414
Development,Methods,413
Methods,Work,412
Development,Modeling,411
Clinical,Modeling,410
Algorithms,Data,409
Data,Disease,409
Goals,Work,407
Training,Base,405
Development,Goals,404
Patients,Research,403
Machine Learning,Patients,402
Time,Improved,400
Methods,Time,398
Data,Outcome,398
Clinical,Improved,397
Patients,Base,396
Address,Modeling,395
Clinical,Patients,391
Communities,Data,390
Data,Innovation,390
Data,Process,389
Improved,Novel,389
Research Personnel,Base,389
Modeling,Training,387
Modeling,Work,387
Data Set,Modeling,385
Goals,Novel,385
Data Set,Methods,384
Address,Methods,384
Improved,Tool,383
Machine Learning,Testing,382
Address,Improved,382
Complex,Data,379
Development,Work,378
Development,Improved,376
Work,Improved,376
Clinical,Methods,375
Clinical,Time,375
Goals,Training,374
Data,Techniques,374
Testing,Base,373
Data Set,Improved,372
Machine Learning,Design,368
Time,Work,367
Data,Individual,366
Work,Tool,366
Research,Design,365
Address,Goals,364
Time,Tool,362
Patients,Improved,362
Development,Tool,361
Goals,Research Personnel,361
Data,Knowledge,359
Data Set,Goals,358
Modeling,Research Personnel,358
Research,Testing,357
Methods,Research Personnel,357
Algorithms,Machine Learning,357
Machine Learning,System,356
Modeling,Testing,356
Time,Novel,355
Training,Improved,355
Research,System,352
Algorithms,Base,352
Data,Data Science,352
Machine Learning,Outcome,352
Algorithms,Research,351
Modeling,Patients,351
Development,Time,350
Goals,Patients,350
Data,Structure,350
Disease,Machine Learning,347
System,Base,346
Work,Novel,346
Development,Research Personnel,345
Disease,Base,345
Disease,Research,344
Address,Clinical,343
Methods,Training,343
Machine Learning,Innovation,342
Clinical,Development,342
Research,Innovation,341
Outcome,Research,341
Clinical,Novel,340
Base,Design,339
Machine Learning,Techniques,339
Research Personnel,Tool,338
Clinical,Work,337
Methods,Testing,337
Development,Novel,335
Research Personnel,Improved,335
Outcome,Base,334
Machine Learning,Process,334
Address,Time,334
Novel,Tool,333
Address,Tool,333
Research Personnel,Work,333
Address,Development,332
Data Set,Tool,331
Methods,Patients,331
Patients,Time,331
Testing,Improved,329
Data,Experience,329
Data,Deep Learning,328
Clinical,Tool,326
Data Set,Development,326
Communities,Research,326
Communities,Machine Learning,324
Complex,Machine Learning,324
Algorithms,Modeling,323
Address,Work,323
Address,Novel,323
Development,Training,322
Data Science,Research,322
Data,Technology,322
Clinical,Training,321
Data Set,Time,319
Data Set,Novel,319
Research,Techniques,318
Data Set,Work,317
Data,Resources,317
Disease,Modeling,316
Process,Research,315
Training,Tool,315
Data Science,Machine Learning,314
Clinical,Research Personnel,313
Process,Base,312
Big Data,Data,312
Goals,Design,311
Testing,Time,310
Complex,Research,309
Clinical,Data Set,309
Modeling,Outcome,309
Modeling,Techniques,309
Clinical,Outcome,308
Individual,Machine Learning,308
Techniques,Base,307
Algorithms,Methods,307
Address,Training,307
Data Set,Research Personnel,307
Training,Work,306
Disease,Methods,306
Research Personnel,Training,306
Algorithms,Improved,306
Communities,Base,305
Outcome,Improved,305
Research,Structure,305
Data,Health,304
Data,Data Analyses,304
Goals,Testing,304
Knowledge,Machine Learning,303
Goals,System,302
Modeling,System,302
Base,Innovation,302
Time,Training,302
Individual,Base,301
Research,Experience,301
Modeling,Design,300
Research Personnel,Time,300
Data,Measures,299
Goals,Outcome,299
Methods,Techniques,299
Methods,Design,299
Goals,Innovation,297
Knowledge,Research,297
Structure,Base,297
Complex,Modeling,297
Individual,Research,296
Patients,Novel,296
Data Set,Training,295
Complex,Base,294
Research Personnel,Novel,294
Address,Research Personnel,294
Methods,System,293
System,Improved,293
Area,Data,293
Design,Tool,292
Data,Performance,292
Communities,Modeling,292
Machine Learning,Experience,291
Data,Image,290
Research,Resources,290
Methods,Outcome,289
Address,Data Set,289
Data,Human,289
Training,Novel,288
Disease,Improved,288
Disease,Novel,288
Testing,Novel,287
Methods,Process,286
Disease,Goals,286
Data Set,Testing,284
Patients,Work,284
Algorithms,Time,284
Data,Risk,284
Computer Software,Data,283
Communities,Tool,283
Methods,Innovation,283
Machine Learning,Structure,283
Research,Deep Learning,281
Testing,Tool,281
Machine Learning,Technology,281
System,Time,280
Knowledge,Base,280
Design,Improved,280
Complex,Methods,280
Modeling,Innovation,279
Machine Learning,Resources,279
Communities,Methods,279
Modeling,Process,278
Clinical,Testing,277
Data Analyses,Research,277
Development,Design,277
Research,Technology,277
Individual,Methods,276
Algorithms,Goals,276
System,Tool,275
Process,Time,274
Machine Learning,Deep Learning,274
Development,System,273
Data,Future,273
Development,Patients,273
Goals,Knowledge,273
Address,Patients,273
Outcome,Patients,272
Data Science,Base,272
Base,Deep Learning,271
Testing,Work,271
Modeling,Deep Learning,271
Area,Research,271
Development,Testing,270
Big Data,Machine Learning,270
Algorithms,Tool,270
Outcome,Time,269
Work,Innovation,269
Goals,Process,268
Patients,Tool,268
System,Work,268
Area,Machine Learning,268
Address,System,267
Health,Research,267
Communities,Goals,267
Data Science,Goals,267
Goals,Techniques,267
Knowledge,Modeling,267
Development,Innovation,267
Individual,Modeling,266
Data,Population,266
Modeling,Structure,265
Improved,Innovation,265
Process,Improved,264
Clinical,Disease,264
Data,Predictive Modeling,264
Algorithms,Development,263
Base,Experience,263
Data,Databases,262
Methods,Structure,262
Development,Disease,261
Algorithms,Clinical,260
Collaborations,Data,260
System,Novel,260
Communities,Improved,260
Data Set,Patients,259
Big Data,Research,259
Data,Programs,259
Patients,Training,258
Time,Design,257
Patients,Testing,257
Techniques,Improved,257
Knowledge,Methods,256
Research Personnel,Design,256
Algorithms,Work,256
Data Analyses,Machine Learning,256
Goals,Structure,256
Data,Validation,255
Clinical,Design,255
Health,Machine Learning,255
Algorithms,Novel,254
Goals,Individual,253
Communities,Work,253
Training,Design,253
Work,Design,253
Clinical,System,252
Data Set,Disease,252
Disease,Tool,252
Complex,Goals,252
Address,Outcome,252
Address,Algorithms,251
Data,Ensure,251
Knowledge,Improved,251
Machine Learning,Risk,251
Communities,Research Personnel,251
Research,Programs,250
Techniques,Novel,250
Algorithms,Data Set,250
Human,Machine Learning,250
Complex,Novel,250
Complex,Improved,250
Time,Innovation,249
Development,Process,249
Testing,Training,249
Communities,Development,249
Data Science,Methods,249
Outcome,Novel,249
Individual,Time,248
Biological,Data,248
Techniques,Time,248
Design,Novel,248
Data,Pattern,248
Machine Learning,Measures,248
Measures,Research,247
Clinical,Innovation,247
Individual,Improved,246
Process,Work,246
Data,Methodology,246
Goals,Experience,246
Data,Learning,246
Future,Research,245
Individual,Novel,245
Process,Tool,245
Big Data,Methods,245
Communities,Data Set,245
Technology,Base,245
Structure,Tool,245
Address,Complex,244
Address,Testing,243
Data,Phenotype,243
Research Personnel,Testing,243
Complex,Time,243
Health,Base,242
Image,Base,242
Patients,Research Personnel,242
Innovation,Novel,242
Measures,Base,241
Goals,Resources,241
Address,Communities,241
Modeling,Predictive Modeling,241
Individual,Work,240
Development,Outcome,240
Area,Goals,240
Future,Machine Learning,240
Address,Design,240
Human,Methods,240
Human,Base,240
Image,Machine Learning,240
Modeling,Experience,240
Communities,Novel,240
Innovation,Tool,239
Modeling,Performance,239
Deep Learning,Improved,239
Disease,Work,239
Data,Universities,239
Clinical,Complex,238
Data,Link,238
Machine Learning,Programs,237
Outcome,Tool,237
Data,Source,236
Performance,Research,236
Performance,Base,236
Development,Knowledge,236
Address,Disease,236
Address,Techniques,236
Outcome,Work,236
Artificial Intelligence,Data,235
Future,Base,235
Big Data,Base,235
Resources,Base,235
Data Science,Training,235
Goals,Technology,235
Disease,Time,235
Clinical,Individual,234
Goals,Deep Learning,234
Machine Learning,Population,234
Modeling,Risk,234
Clinical,Knowledge,234
Machine Learning,Performance,234
Complex,Development,233
Collaborations,Research,233
Address,Innovation,233
Human,Research,233
Data,Funding,233
Computer Software,Machine Learning,232
Process,System,232
Ensure,Research,232
Big Data,Goals,232
Big Data,Modeling,232
Big Data,Improved,232
Data Science,Development,232
Data Science,Modeling,232
Research,Risk,232
Disease,Training,232
Complex,Tool,232
Algorithms,Training,232
Image,Research,231
Development,Technology,231
Research Personnel,Innovation,231
Techniques,Tool,231
Algorithms,Testing,230
Patients,System,230
Goals,Health,230
Machine Learning,Predictive Modeling,230
Computer Software,Research,229
System,Training,229
Measures,Modeling,229
Algorithms,Patients,229
Data,Insight,229
Data Set,System,228
Development,Techniques,228
Research Personnel,System,228
Techniques,Work,228
Methods,Experience,228
Data,Response,228
Structure,Improved,228
Complex,Work,228
Structure,Time,228
Validation,Base,227
Data Analyses,Base,227
Data Set,Design,227
Risk,Base,227
Research,Universities,226
Data Science,Improved,226
Knowledge,Novel,226
Data,United States National Institutes Of Health,226
Base,Predictive Modeling,226
Address,Knowledge,226
Area,Base,225
Databases,Machine Learning,225
Clinical,Data Science,225
Health,Improved,225
Human,Modeling,225
Computer Software,Base,224
Clinical,Process,224
Data,Diagnosis,224
Image,Modeling,224
Training,Innovation,224
Methods,Deep Learning,224
Research,Predictive Modeling,224
Deep Learning,Tool,224
Methods,Technology,223
Funding,Research,223
Address,Structure,223
Address,Process,222
Data,Lead,222
Address,Data Science,222
Population,Base,222
Experience,Tool,222
Data Analyses,Tool,221
Data,Intervention,221
Population,Research,221
Risk,Time,221
Machine Learning,Validation,221
Data Analyses,Methods,220
Individual,Tool,220
Modeling,Resources,220
Goals,Risk,220
Modeling,Technology,220
Technology,Tool,220
Outcome,Testing,220
Performance,Improved,219
Outcome,Training,219
Disease,Patients,219
Technology,Improved,219
Algorithms,System,218
Data Analyses,Goals,218
Communities,Time,218
Clinical,Techniques,218
Techniques,Training,218
Development,Structure,218
Complex,Data Set,218
Risk,Improved,218
Artificial Intelligence,Research,217
Data,Cohort,217
Ensure,Machine Learning,217
Methods,Resources,217
Resources,Improved,217
Data,Sampling,217
Machine Learning,Pattern,217
Structure,Novel,217
Research Personnel,Experience,217
System,Design,216
Goals,Performance,216
Goals,Measures,216
Data Set,Techniques,216
Methodology,Research,216
Experience,Improved,216
Structure,Work,216
Learning,Research,216
Knowledge,Work,216
Computer Software,Tool,215
Machine Learning,Universities,215
Computer Software,Methods,215
Disease,Research Personnel,215
Health,Modeling,215
Data Set,Outcome,215
Health,Time,215
Measures,Methods,215
Complex,Research Personnel,215
Area,Methods,214
Data,Environment,214
Data Science,Research Personnel,214
Process,Research Personnel,214
Research Personnel,Resources,214
Data Science,Work,214
Research,United States National Institutes Of Health,214
Data,Electronic Health Record,214
Affect,Data,214
Data Set,Process,213
Goals,Image,213
Health,Methods,213
Time,Experience,213
System,Testing,212
Process,Novel,212
Biological,Machine Learning,212
Address,Individual,212
Pattern,Research,212
Clinical,Structure,212
Development,Deep Learning,211
Data Analyses,Modeling,211
Data Analyses,Research Personnel,211
Data Science,Tool,211
Disease,Testing,211
Big Data,Time,210
Clinical,Experience,210
Knowledge,Patients,210
Knowledge,Tool,210
Work,Experience,210
Development,Individual,209
Image,Methods,209
Methods,Performance,209
Research,Source,209
Measures,Time,209
Databases,Base,209
Algorithms,Design,209
Clinical,Risk,209
Artificial Intelligence,Machine Learning,208
Clinical,Communities,208
Communities,Training,208
Area,Improved,208
Research Personnel,Technology,208
Human,Improved,208
Deep Learning,Novel,208
Goals,Predictive Modeling,208
Future,Goals,207
Measures,Improved,207
Development,Resources,207
Patients,Innovation,207
Characteristics,Data,207
Diagnosis,Machine Learning,207
Learning,Machine Learning,207
Big Data,Clinical,207
Link,Research,206
Time,Deep Learning,206
Databases,Research,206
Machine Learning,Methodology,206
Patients,Design,206
Training,Experience,206
Clinical,Measures,205
Training,Deep Learning,205
Patients,Techniques,205
Technology,Work,205
Algorithms,Outcome,205
Data Science,Time,204
Communities,System,204
Machine Learning,Phenotype,204
Funding,Machine Learning,204
Machine Learning,Source,204
Outcome,Innovation,204
Data Set,Individual,203
Big Data,Development,203
Big Data,Novel,203
Outcome,Research Personnel,203
Methods,Risk,203
Testing,Innovation,203
Improved,Predictive Modeling,203
Data,Pharmaceutical Preparations,203
Address,Health,202
Process,Training,202
Area,Modeling,202
Modeling,Population,202
Data Science,Patients,202
Pattern,Base,202
Data Set,Structure,202
Development,Experience,202
Clinical,Image,201
Clinical,Deep Learning,201
Clinical Data,Data,201
Knowledge,Time,201
Data Set,Innovation,201
Data,Medical,200
Data Analyses,Improved,200
Ensure,Base,200
Image,Improved,200
Link,Base,200
Development,Programs,200
Area,Work,200
Work,Deep Learning,200
Complex,Disease,200
Address,Experience,200
Data Analyses,Development,199
Ensure,Modeling,199
Intervention,Research,199
Area,Development,199
Resources,Time,199
Resources,Work,199
Address,Technology,199
Phenotype,Research,199
Techniques,Testing,199
Testing,Design,199
Human,Tool,199
Research Personnel,Structure,199
Algorithms,Research Personnel,199
Clinical,Health,198
Process,Testing,198
Data Set,Image,198
Future,Modeling,198
Individual,Patients,198
Biological,Research,198
Collaborations,Machine Learning,198
Disease,System,198
Disease,Techniques,198
Electronic Health Record,Research,198
Complex,Training,198
Universities,Base,197
Diagnosis,Base,197
Computer Software,Modeling,196
Address,Deep Learning,196
Link,Machine Learning,196
Methods,Programs,196
Phenotype,Base,196
Resources,Training,196
Modeling,Validation,196
Data Set,Knowledge,196
Knowledge,Training,196
Validation,Improved,196
Algorithms,Process,195
Clinical,Future,195
Future,Time,195
Lead,Research,195
Data,Machine Learning Algorithm,195
Computer Software,Goals,194
Performance,Work,194
Base,Programs,194
Communities,Innovation,194
Resources,Tool,194
Algorithms,Disease,194
Data Set,Human,194
Data Set,Deep Learning,194
Individual,Outcome,194
Learning,Base,194
Health,Work,194
Diagnosis,Research,193
Biological,Methods,193
Methodology,Methods,193
Human,Novel,193
Collaborations,Goals,192
Data Analyses,Data Set,192
Image,Training,192
Goals,Population,192
Methods,Population,192
Data Science,Innovation,192
Data Set,Resources,192
Disease,Design,192
Technology,Time,192
Clinical,Electronic Health Record,192
Patients,Process,191
Process,Design,191
Address,Resources,191
Clinical,Technology,191
Learning,Modeling,191
Complex,Patients,191
Clinical,Performance,190
Development,Performance,190
Image,Tool,190
Data Science,Novel,190
Clinical,Resources,190
Goals,Human,190
Population,Improved,190
Data,Machine Learning Method,190
Goals,Pattern,190
Clinical,Predictive Modeling,190
Lead,Machine Learning,190
Address,Measures,190
Artificial Intelligence,Base,189
Data,Reporting,189
Research,Validation,189
Base,Cohort,189
Environment,Research,189
Goals,Programs,189
Methodology,Modeling,189
Techniques,Innovation,189
Data Set,Experience,189
Research,Insight,189
Individual,Research Personnel,189
Modeling,Pattern,189
Intervention,Machine Learning,189
Computer Software,Development,188
Collaborations,Methods,188
Individual,Testing,188
Individual,Training,188
Performance,Training,188
Databases,Methods,188
Knowledge,Research Personnel,188
Big Data,Work,188
Population,Time,188
Communities,Process,188
Machine Learning,United States National Institutes Of Health,188
Data,Scientist,188
Measures,Novel,188
Design,Innovation,187
Data Analyses,Work,187
Collaborations,Research Personnel,187
Address,Area,187
Machine Learning,Insight,187
Pattern,Improved,187
Clinical,Diagnosis,186
Ensure,Methods,186
Link,Modeling,186
Environment,Machine Learning,186
Research Personnel,Techniques,186
Learning,Methods,186
Data Set,Measures,186
System,Innovation,185
Algorithms,Deep Learning,185
Diagnosis,Improved,185
Measures,Patients,185
Funding,Base,185
Machine Learning,Response,185
Structure,Training,185
Data,Role,185
Clinical,Validation,184
Complex,Testing,184
Data Set,Performance,184
Source,Base,184
Communities,Disease,184
Electronic Health Record,Machine Learning,184
Pharmaceutical Preparations,Base,184
Disease,Structure,184
Machine Learning,Pharmaceutical Preparations,184
Time,Predictive Modeling,184
Data,Public Health,184
Artificial Intelligence,Goals,183
Complex,System,183
Collaborations,Modeling,183
Diagnosis,Goals,183
Future,Improved,183
Area,Research Personnel,183
Research Personnel,Programs,183
Patients,Risk,183
Risk,Work,183
Area,Clinical,183
Electronic Health Record,Patients,183
Methods,Pattern,183
Affect,Machine Learning,183
Goals,Universities,182
Medical,Research,182
Biological,Base,182
Databases,Modeling,182
Data Science,Data Set,182
Technology,Training,182
Electronic Health Record,Base,182
Patients,Experience,182
Big Data,Tool,182
Data,Learning Strategy,182
Development,Health,181
Ensure,Improved,181
Big Data,Research Personnel,181
Outcome,System,181
Outcome,Design,181
Modeling,Phenotype,181
United States National Institutes Of Health,Base,181
Clinical,Universities,181
Methods,Predictive Modeling,181
Disease,Outcome,181
Algorithms,Structure,181
Address,Risk,181
Patients,Predictive Modeling,181
Computer Software,Time,180
Clinical,Clinical Data,180
Clinical Research,Research,180
Ensure,Goals,180
Future,Training,180
Performance,Tool,180
Databases,Goals,180
Health,Patients,180
Human,Work,180
Structure,Design,180
Phenotype,Novel,180
Address,Big Data,180
Collaborations,Base,179
Computer Software,Improved,179
Performance,Time,179
Communities,Patients,179
Intervention,Base,179
Algorithms,Techniques,179
Address,Data Analyses,179
Area,Training,179
Area,Tool,179
Communities,Testing,179
Data Set,Technology,179
Experience,Novel,179
Characteristics,Machine Learning,179
Big Data,Training,179
Machine Learning,Machine Learning Algorithm,179
Development,Image,178
Communities,Design,178
Data Science,Testing,178
Methods,Phenotype,178
Technology,Novel,178
Artificial Intelligence,Modeling,177
Development,Ensure,177
Diagnosis,Patients,177
Goals,Link,177
Outcome,Techniques,177
Data,Genomics,177
Modeling,Insight,177
Clinical,Pattern,177
Algorithms,Innovation,177
Development,Human,177
Risk,Testing,177
Artificial Intelligence,Improved,176
Future,Work,176
Patients,Deep Learning,176
Data Science,Outcome,176
Data Science,System,176
System,Techniques,176
Data,Success,176
Methodology,Base,176
Technology,Design,176
Research,Scientist,176
Goals,Validation,176
Measures,Tool,176
Modeling,Universities,175
Data Analyses,Time,175
Medical,Base,175
Performance,Testing,175
Biological,Modeling,175
Biological,Novel,175
Data Set,Databases,175
Methods,Sampling,175
Process,Innovation,175
Sampling,Base,175
Health,Novel,175
Goals,Learning,175
Data,Interest,175
Methods,Validation,175
Algorithms,Complex,174
Computer Software,Novel,174
Diagnosis,Modeling,174
Image,Time,174
Lead,Modeling,174
Performance,Novel,174
Development,Measures,174
Biological,Development,174
Machine Learning,Sampling,174
Base,Machine Learning Algorithm,174
Computer Software,Research Personnel,174
Funding,Research Personnel,174
Pattern,Time,174
Big Data,Data Set,174
Research Personnel,Deep Learning,174
Clinical,Cohort,173
Methods,Source,173
Modeling,Source,173
Data,Open Source,173
Caring,Data,173
Data Science,Design,173
Knowledge,System,173
Improved,Programs,173
Communities,Resources,173
Development,Methodology,173
Funding,Methods,173
Pharmaceutical Preparations,Research,173
Complex,Outcome,173
Risk,Training,173
Risk,Novel,173
Measures,Research Personnel,173
Clinical Data,Research,172
Clinical Research,Data,172
Future,Methods,172
Goals,Source,172
Link,Methods,172
Research,Cohort,172
Patients,Resources,172
Technology,Innovation,172
Methods,Response,172
Research,Response,172
Research Personnel,Universities,172
Complex,Design,172
Health,Tool,172
Clinical Data,Base,171
Computer Software,Work,171
Data Analyses,Training,171
Goals,Intervention,171
Intervention,Improved,171
Machine Learning,Medical,171
Resources,Novel,171
Base,Insight,171
Predictive Modeling,Tool,171
Affect,Research,171
Process,Structure,171
Knowledge,Testing,171
Development,Universities,171
Address,Learning,171
Artificial Intelligence,Clinical,170
Biological Markers,Data,170
Collaborations,Tool,170
Data Analyses,Novel,170
Image,Work,170
Clinical,Intervention,170
Measures,Training,170
Big Data,Outcome,170
Databases,Improved,170
Knowledge,Outcome,170
Process,Techniques,170
Big Data,Patients,170
Data,Variant,170
Goals,Methodology,170
Disease,Deep Learning,170
Funding,Goals,170
Methods,Machine Learning Method,170
Patients,Structure,170
Computer Software,Data Set,169
Individual,System,169
Modeling,Cohort,169
Address,Biological,169
Address,Future,169
Classification,Data,169
Disease,Process,169
Methods,Insight,169
Characteristics,Modeling,169
Training,Universities,169
Complex,Techniques,169
Address,Predictive Modeling,169
Measures,Work,169
Clinical,Data Analyses,168
Collaborations,Development,168
Goals,Lead,168
Image,Novel,168
Area,Time,168
Data,Monitor,168
Resources,System,168
Disease,Individual,168
Human,Time,168
Universities,Improved,168
Training,Programs,168
Machine Learning,Cohort,168
Image,Deep Learning,167
Cohort,Novel,167
Goals,Phenotype,167
Electronic Health Record,Improved,167
Techniques,Deep Learning,167
Funding,Work,167
Human,Training,167
Base,Response,167
Clinical,Programs,167
Communities,Structure,167
Methods,Pharmaceutical Preparations,167
Affect,Improved,167
Ensure,Work,166
Lead,Methods,166
Lead,Base,166
Lead,Improved,166
Patients,Performance,166
Intervention,Patients,166
Data Science,Techniques,166
Area,Patients,166
Area,Data Set,166
Goals,United States National Institutes Of Health,166
Methodology,Tool,166
Research,Sampling,166
Data,Data Sources,166
Learning,Training,166
Pattern,Novel,166
Algorithms,Knowledge,166
Disease,Knowledge,166
Health,Research Personnel,166
Outcome,Risk,166
Collaborations,Improved,165
Measures,Outcome,165
Caring,Base,165
Ensure,Research Personnel,165
Databases,Tool,165
Disease,Innovation,165
Electronic Health Record,Goals,165
Image,Research Personnel,165
Affect,Base,165
Health,Training,165
Machine Learning,Public Health,165
Public Health,Research,165
Intervention,Modeling,164
Environment,Goals,164
Knowledge,Design,164
United States National Institutes Of Health,Improved,164
Modeling,Response,164
Development,Predictive Modeling,164
Phenotype,Improved,164
Validation,Tool,164
Complex,Knowledge,164
Health,Outcome,164
Algorithms,Communities,164
Measures,Testing,164
Outcome,Experience,164
Reporting,Base,163
Link,Improved,163
Data,Healthcare,163
Process,Resources,163
Machine Learning,Scientist,163
Universities,Work,163
Work,Programs,163
Programs,Tool,163
Clinical,Learning,163
Research,Role,163
Structure,Testing,163
Address,Performance,163
Address,Validation,162
Collaborations,Data Set,162
Goals,Cohort,162
Time,Cohort,162
Data,Detection,162
Data,Informatics,162
Algorithms,Individual,162
Future,Research Personnel,162
System,Technology,162
Address,Human,162
Human,Research Personnel,162
Methods,Universities,162
Training,Predictive Modeling,162
Development,Learning,162
Affect,Modeling,162
Complex,Innovation,162
Clinical,Medical,161
Collaborations,Work,161
Link,Novel,161
Population,Work,161
Methods,United States National Institutes Of Health,161
Research Personnel,United States National Institutes Of Health,161
Characteristics,Research,161
Population,Tool,161
Development,Funding,161
Big Data,Testing,161
Time,Validation,161
Address,Image,160
Clinical Data,Patients,160
Future,Patients,160
Future,Tool,160
Goals,Medical,160
Biological,Goals,160
Caring,Improved,160
Individual,Techniques,160
Clinical,Phenotype,160
Population,Testing,160
Individual,Innovation,160
Learning,Improved,160
Design,Experience,160
Data,Natural Language Processing,160
Alzheimer&Apos,Data,160
Funding,Novel,160
Population,Novel,160
Clinical,Source,159
Medical,Patients,159
Outcome,Process,159
Communities,Technology,159
Brain,Data,159
Learning,Work,159
Research,Interest,159
Methods,Learning Strategy,159
Data,Cost,159
Data,Foundations,159
Communities,Knowledge,159
Clinical,Computer Software,158
Complex,Process,158
Development,Validation,158
System,Deep Learning,158
Data,Measurement,158
Data,Services,158
Ensure,Time,158
Ensure,Novel,158
Medical,Modeling,158
Knowledge,Techniques,158
Modeling,Programs,158
Clinical,United States National Institutes Of Health,158
Technology,Testing,158
Clinical Data,Machine Learning,158
Disease,Human,158
Electronic Health Record,Modeling,158
Testing,Experience,158
Development,Population,158
Clinical,Population,158
Data,Reproducibility,158
Development,Response,158
Affect,Methods,158
Structure,System,158
Risk,Tool,158
Research,Machine Learning Algorithm,158
Address,Programs,158
Address,Computer Software,157
Reporting,Research,157
Clinical,Lead,157
Clinical Data,Modeling,157
Diagnosis,Methods,157
Lead,Time,157
Source,Improved,157
Environment,Methods,157
Communities,Data Science,157
Disease,Phenotype,157
Patients,Technology,157
Algorithms,Experience,157
Improved,Insight,157
Improved,Machine Learning Algorithm,157
Address,Population,157
Goals,Response,157
Mentors,Research,157
Data Science,Experience,157
Machine Learning,Learning Strategy,157
Experience,Innovation,157
Machine Learning,Reporting,157
Testing,Validation,156
Clinical,Ensure,156
Development,Link,156
Future,Novel,156
Data Science,Programs,156
Databases,Research Personnel,156
Resources,Design,156
Techniques,Design,156
Big Data,Individual,156
Patients,Population,156
Clinical,Databases,156
Disease,Technology,156
Individual,Experience,156
Funding,Improved,156
Research,Machine Learning Method,156
Testing,Predictive Modeling,156
Training,Validation,156
Affect,Goals,156
Development,Risk,156
Deep Learning,Design,156
Development,Future,155
Ensure,Tool,155
Caring,Machine Learning,155
Human,Testing,155
Address,Funding,155
Address,Pattern,155
Characteristics,Goals,155
Clinical,Human,155
Data Set,Validation,155
Learning,Tool,155
Modeling,Pharmaceutical Preparations,155
Human,Design,155
Knowledge,Structure,155
Methodology,Improved,155
Novel,Predictive Modeling,155
Sampling,Improved,155
Validation,Novel,155
Clinical,Collaborations,154
Computer Software,Training,154
Research,Services,154
Area,Novel,154
Biological,Data Set,154
Communities,Techniques,154
Data,Genetic,154
Data Analyses,Design,154
Modeling,United States National Institutes Of Health,154
Resources,Innovation,154
Disease,Image,154
Characteristics,Base,154
Clinical,Funding,154
Communities,Individual,154
Data Set,Programs,154
Learning,Time,154
Natural Language Processing,Research,154
Algorithms,Measures,154
Pharmaceutical Preparations,Improved,154
Electronic Health Record,Time,154
Time,Universities,153
Collaborations,Novel,153
Data,Infrastructure,153
Link,Time,153
Data,Site,153
Intervention,Time,153
Big Data,Techniques,153
Data Science,Knowledge,153
Data Science,Process,153
Environment,Modeling,153
Environment,Base,153
Knowledge,Process,153
Algorithms,Risk,153
Research,Success,153
Address,Collaborations,153
Collaborations,Communities,153
Development,Phenotype,153
Methodology,Research Personnel,153
Characteristics,Methods,153
Novel,Response,153
Communities,Complex,153
Research Personnel,Risk,153
Methodology,Novel,153
Data Set,Link,152
Diagnosis,Training,152
Medical,Time,152
Patients,Cohort,152
Source,Work,152
Area,System,152
Biological,Improved,152
Time,Programs,152
Development,United States National Institutes Of Health,152
Goals,Insight,152
Population,Training,152
Health,Innovation,152
Public Health,Base,152
Artificial Intelligence,Methods,151
Clinical,Clinical Research,151
Ensure,Patients,151
Link,Tool,151
Methods,Cohort,151
Source,Tool,151
Cohort,Improved,151
Data,Prevent,151
Databases,Time,151
Bioinformatics,Data,151
Modeling,Sampling,151
Clinical,Response,151
Funding,Training,151
Machine Learning,Machine Learning Method,151
Structure,Techniques,151
Machine Learning,Role,151
Patients,Pattern,151
Affect,Time,151
Knowledge,Innovation,151
Caring,Patients,151
Testing,Deep Learning,150
Individual,Process,150
Medical,Improved,150
Environment,Improved,150
Machine Learning,Monitor,150
Databases,Work,150
Area,Innovation,150
Goals,Scientist,150
Pattern,Tool,150
Data Set,Predictive Modeling,150
Outcome,Predictive Modeling,150
Work,Predictive Modeling,150
Data Set,Risk,150
Computer Software,System,149
Health,Testing,149
Artificial Intelligence,Patients,149
Clinical Data,Time,149
Data Set,Ensure,149
Development,Lead,149
Communities,Outcome,149
United States National Institutes Of Health,Tool,149
Variant,Base,149
Scientist,Base,149
Complex,Individual,149
Methods,Role,149
Caring,Clinical,149
Modeling,Machine Learning Algorithm,149
Address,Intervention,149
Alzheimer&Apos,Machine Learning,149
Data,Evaluation,149
Computer Software,Process,148
Artificial Intelligence,Development,148
Medical,Methods,148
Caring,Research,148
Data,Statistics,148
Funding,Modeling,148
Time,United States National Institutes Of Health,148
Improved,Response,148
Affect,Clinical,148
Big Data,Disease,148
Big Data,Innovation,148
Learning,Novel,148
Foundations,Base,148
Patients,Validation,148
Universities,Tool,147
Algorithms,Health,147
Artificial Intelligence,Training,147
Source,Novel,147
Area,Data Science,147
Data,Laboratories,147
Databases,Novel,147
Novel,Programs,147
Address,Methodology,147
Data Set,Phenotype,147
Algorithms,Human,147
Data Set,Population,147
Work,Response,147
Base,Machine Learning Method,147
Data,Mentors,147
Phenotype,Time,147
Source,Time,146
Communities,Data Analyses,146
Big Data,Design,146
Development,Environment,146
Address,United States National Institutes Of Health,146
Biological,Work,146
Data,Experimental Study,146
Patients,Phenotype,146
Population,Research Personnel,146
Individual,Design,146
Base,Success,146
Complex,Structure,146
Modeling,Learning Strategy,146
Address,Ensure,146
Communities,Human,146
Health,System,145
Diagnosis,Work,145
Work,Cohort,145
Communities,Computer Software,145
Area,Resources,145
Big Data,Knowledge,145
Individual,Risk,145
Machine Learning,Success,145
Biological,Tool,145
Phenotype,Work,145
Data Set,Response,145
Complex,Human,145
Individual,Measures,145
Modeling,Public Health,145
Data,Phase,144
Clinical,Link,144
Data Set,Source,144
Development,Diagnosis,144
Diagnosis,Time,144
Link,Work,144
Detection,Base,144
Monitor,Research,144
Design,Programs,144
Area,Communities,144
Future,Design,144
Goals,Sampling,144
Methodology,Training,144
Health,Techniques,144
Time,Response,144
Individual,Structure,144
Data,Molecular,144
Base,Interest,144
Address,Electronic Health Record,144
Time,Insight,144
Outcome,Population,144
Public Health,Improved,144
Address,Diagnosis,144
Environment,Work,144
Ensure,Training,143
Future,Testing,143
Lead,Work,143
Lead,Novel,143
Performance,System,143
Communities,Deep Learning,143
Research,Open Source,143
Data Science,Resources,143
Healthcare,Research,143
Genomics,Research,143
Methodology,Work,143
United States National Institutes Of Health,Work,143
Data Set,Funding,143
Modeling,Machine Learning Method,143
Validation,Work,143
Pharmaceutical Preparations,Novel,143
Big Data,Complex,143
Methods,Public Health,143
Resources,Experience,143
Algorithms,Image,142
Algorithms,Validation,142
Communities,Measures,142
Area,Design,142
Clinical Research,Machine Learning,142
Environment,Research Personnel,142
Healthcare,Machine Learning,142
Data,Pathway Interactions,142
Data Analyses,Innovation,142
Data Set,Methodology,142
Data Sources,Machine Learning,142
Electronic Health Record,Methods,142
Data Science,Individual,142
Data Set,Pattern,142
Response,Tool,142
Outcome,Structure,142
Insight,Tool,142
Performance,Design,142
Base,Learning Strategy,142
Development,Pattern,142
Image,Testing,141
Biological Markers,Clinical,141
Clinical Data,Improved,141
Base,Open Source,141
Area,Techniques,141
Algorithms,Big Data,141
Classification,Modeling,141
Machine Learning,Variant,141
Characteristics,Improved,141
Funding,Tool,141
Characteristics,Patients,141
Patients,Pharmaceutical Preparations,141
Complex,Data Science,141
Development,Role,141
Health,Knowledge,141
Research,Learning Strategy,141
Structure,Innovation,141
Performance,Research Personnel,141
Link,Training,140
Measurement,Research,140
Modeling,Reporting,140
Patients,Source,140
Data,Event,140
Site,Base,140
Caring,Goals,140
Ensure,Design,140
Biological,Disease,140
Classification,Machine Learning,140
Methods,Variant,140
Phenotype,Tool,140
Sampling,Tool,140
Data Set,Health,140
Brain,Machine Learning,140
Funding,Time,140
Pattern,Training,140
Reproducibility,Research,140
Data,Malignant Neoplasms,140
Complex,Experience,140
Image,Structure,140
Algorithms,Machine Learning Algorithm,140
Alzheimer&Apos,Alzheimer&Apos,140
Intervention,Methods,140
Communities,Experience,140
Address,Source,140
Research Personnel,Source,140
Measures,Process,140
Computer Software,Design,139
Collaborations,Time,139
Ensure,Testing,139
Goals,Reporting,139
Image,Patients,139
Intervention,Outcome,139
Machine Learning,Services,139
Individual,Population,139
Data,Skills,139
Data Analyses,Technology,139
Process,Technology,139
Training,United States National Institutes Of Health,139
Health,Individual,139
Characteristics,Clinical,139
Pattern,Work,139
Machine Learning,Mentors,139
Clinical,Pharmaceutical Preparations,139
Affect,Novel,139
Machine Learning,Interest,139
Sampling,Novel,139
Big Data,Health,139
Research,Career,139
Electronic Health Record,Outcome,139
Human,System,139
Foundations,Machine Learning,139
Computer Software,Testing,138
Clinical Data,Methods,138
Clinical Research,Base,138
Modeling,Open Source,138
Area,Testing,138
Classification,Base,138
Techniques,Experience,138
Characteristics,Time,138
Data Science,Structure,138
Goals,Pharmaceutical Preparations,138
Biological,Complex,138
Role,Base,138
Individual,Knowledge,138
Risk,Innovation,138
Research,Cost,138
Development,Insight,138
Technology,Experience,138
Machine Learning,Open Source,138
Artificial Intelligence,Time,137
Artificial Intelligence,Tool,137
Clinical Data,Novel,137
Development,Source,137
Medical,Work,137
Databases,Development,137
Healthcare,Improved,137
Informatics,Research,137
Monitor,Base,137
Classification,Research,137
Disease,Resources,137
Genomics,Methods,137
Data Sources,Research,137
United States National Institutes Of Health,Novel,137
Address,Universities,137
Mentors,Training,137
Communities,Health,137
Sampling,Time,137
Alzheimer&Apos,Improved,137
Ensure,Innovation,137
Measures,System,137
Environment,Tool,137
Address,Cohort,137
Methodology,Time,137
Algorithms,Computer Software,136
Image,System,136
Artificial Intelligence,Data Set,136
Biological Markers,Base,136
Data Set,Diagnosis,136
Measurement,Base,136
Data,Medicine,136
Intervention,Training,136
Area,Knowledge,136
Goals,Monitor,136
Data,Institution,136
Future,Innovation,136
Genomics,Machine Learning,136
Goals,Machine Learning Algorithm,136
Scientist,Work,136
Development,Scientist,136
Research Personnel,Predictive Modeling,136
Data,Translating,136
Algorithms,Technology,136
Modeling,Role,136
Algorithms,Data Science,136
Algorithms,Performance,136
Learning Strategy,Tool,136
Time,Machine Learning Algorithm,136
Intervention,Work,136
Disease,Measures,136
Artificial Intelligence,Work,135
Clinical Research,Goals,135
Data Analyses,System,135
Data Set,Future,135
Performance,Deep Learning,135
Caring,Time,135
Link,Research Personnel,135
Algorithms,Resources,135
Population,Risk,135
Address,Link,135
Research,Skills,135
Algorithms,Data Analyses,135
Insight,Novel,135
Learning,Testing,135
Affect,Work,135
Data Science,Health,135
Process,Experience,135
Structure,Deep Learning,135
Machine Learning,Natural Language Processing,135
Address,Artificial Intelligence,135
Patients,Universities,135
Award,Data,135
Machine Learning,Cost,135
Clinical,Insight,135
Clinical Research,Improved,134
Clinical Trials,Data,134
Collaborations,Training,134
Infrastructure,Research,134
Clinical,Methodology,134
Genetic,Machine Learning,134
Genomics,Base,134
Data,Standardization,134
Natural Language Processing,Base,134
Biological Markers,Machine Learning,134
Clinical Data,Goals,133
Lead,Training,133
Outcome,Performance,133
Research,Prevent,133
Cells,Data,133
Databases,Testing,133
Modeling,Variant,133
Research,Statistics,133
Resources,Testing,133
Data Set,Insight,133
Data Set,Universities,133
Human,Process,133
Scientist,Training,133
Clinical,Informatics,133
Improved,Learning Strategy,133
Pharmaceutical Preparations,Time,133
Universities,Novel,133
Population,Innovation,133
Evaluation,Base,133
Laboratories,Base,132
Complex,Deep Learning,132
Collaborations,Patients,132
Lead,Tool,132
Detection,Research,132
Collaborations,Data Science,132
Healthcare,Base,132
Informatics,Machine Learning,132
Infrastructure,Machine Learning,132
Monitor,Improved,132
Base,Prevent,132
Area,Experience,132
Machine Learning,Reproducibility,132
Methods,Interest,132
Outcome,Technology,132
Affect,Training,132
Knowledge,Deep Learning,132
Clinical,Monitor,132
Address,Pharmaceutical Preparations,132
Address,Insight,132
Electronic Health Record,Work,132
Biological Markers,Goals,131
Clinical Research,Methods,131
Data Set,Cohort,131
Medical,Tool,131
Detection,Improved,131
Development,Intervention,131
Biological,Research Personnel,131
Data,Participant,131
Methods,Success,131
Address,Sampling,131
Computing Methodologies,Data,131
Data,Generations,131
Data,Grant,131
Data Set,United States National Institutes Of Health,131
Research,Variant,131
Data Sources,Improved,131
Address,Response,131
Learning,Research Personnel,131
Disease,Validation,131
Learning,Patients,131
Structure,Experience,131
Innovation,Programs,131
Clinical,Machine Learning Algorithm,131
Computer Software,Technology,131
Intervention,Novel,131
Research Personnel,Insight,131
Evaluation,Machine Learning,131
System,Experience,131
Complex,Predictive Modeling,131
Data,Career,131
Goals,Public Health,131
Biological Markers,Research,130
Data,Procedures,130
Ensure,System,130
Detection,Modeling,130
Outcome,Deep Learning,130
Environment,Time,130
Monitor,Time,130
System,Programs,130
Improved,Prevent,130
Databases,Patients,130
Bioinformatics,Research,130
Genetic,Research,130
Human,Deep Learning,130
Characteristics,Work,130
Code,Data,130
Data Science,Universities,130
Research Personnel,Scientist,130
Goals,Mentors,130
Mentors,Base,130
Learning,Techniques,130
Algorithms,Diagnosis,130
Detection,Machine Learning,130
Goals,Learning Strategy,130
Knowledge,Technology,130
Methods,Machine Learning Algorithm,130
Cost,Improved,130
Complex,Resources,130
Work,Insight,130
Machine Learning Method,Novel,130
Address,Caring,130
Open Source,Tool,130
Biological Markers,Modeling,129
Clinical Data,Work,129
Clinical Research,Patients,129
Collaborations,Testing,129
Data Analyses,Testing,129
Diagnosis,Novel,129
Reporting,Time,129
Cohort,Tool,129
Area,Process,129
Collaborations,Design,129
Informatics,Base,129
Research Personnel,Services,129
Data Analyses,Disease,129
Data Analyses,Techniques,129
Data Science,Disease,129
Machine Learning,Statistics,129
Brain,Methods,129
Communities,Programs,129
Variant,Improved,129
Clinical,Environment,129
Disease,Programs,129
Big Data,Experience,129
Health,Design,129
Human,Knowledge,129
Image,Design,129
Clinical,Healthcare,129
Research Personnel,Interest,129
Machine Learning Algorithm,Novel,129
Funding,Innovation,129
Intervention,Tool,129
Development,Electronic Health Record,129
Universities,Innovation,128
Image,Process,128
Process,Deep Learning,128
Clinical Research,Development,128
Clinical Research,Modeling,128
Future,Individual,128
Future,System,128
Methods,Reporting,128
Big Data,System,128
Caring,Modeling,128
Knowledge,Resources,128
Machine Learning,Prevent,128
Algorithms,Population,128
Modeling,Success,128
Risk,Techniques,128
Address,Databases,128
Data,Precision Medicine,128
Genomics,Goals,128
Patients,United States National Institutes Of Health,128
Phenotype,Research Personnel,128
Techniques,Technology,128
Human,Techniques,128
Goals,Machine Learning Method,128
Data,Member,128
Structure,Technology,128
Technology,Programs,128
Intervention,Testing,128
Address,Affect,128
Address,Lead,128
Future,Outcome,128
Measures,Design,128
Address,Machine Learning Algorithm,128
Measures,Structure,128
Machine Learning,Phase,127
Collaborations,System,127
Lead,Patients,127
Link,System,127
Biological,Time,127
Data,Science,127
Environment,Novel,127
Big Data,Risk,127
Classification,Goals,127
Communities,Link,127
Data Science,Technology,127
Data Set,Sampling,127
Grant,Research,127
Methodology,Design,127
Training,Skills,127
Health,Experience,127
Brain,Research,127
Funding,United States National Institutes Of Health,127
Mentors,Research Personnel,127
Research,Standardization,127
Environment,Training,127
Outcome,Validation,127
Algorithms,Pattern,127
Patients,Programs,127
Development,Interest,127
Resources,Structure,127
Modeling,Cost,127
Methods,Open Source,127
Measures,Innovation,127
Address,Public Health,127
Computer Software,Innovation,126
Complex,Computer Software,126
Biological Markers,Methods,126
Development,Medical,126
Diagnosis,Testing,126
Goals,Measurement,126
Outcome,Resources,126
Algorithms,Area,126
Classification,Methods,126
Sampling,Work,126
Disease,Experience,126
Image,Techniques,126
Patients,Insight,126
Scientist,Improved,126
Address,Scientist,126
Brain,Base,126
Data,High Risk,126
Techniques,Predictive Modeling,126
Individual,Technology,126
Modeling,Interest,126
Diagnosis,Disease,126
Clinical,Natural Language Processing,126
Natural Language Processing,Patients,126
Computer Software,Disease,126
Algorithms,Predictive Modeling,126
Future,Experience,126
Foundations,Research,126
Machine Learning,Measurement,126
Laboratories,Machine Learning,125
Health,Process,125
Detection,Time,125
Databases,Design,125
Goals,Healthcare,125
Goals,Success,125
Area,Technology,125
Brain,Modeling,125
Mentors,Improved,125
Modeling,Reproducibility,125
Learning,System,125
Affect,Patients,125
Role,Improved,125
Training,Machine Learning Algorithm,125
Alzheimer&Apos,Novel,125
Data,Dimensions,125
Data,Engineering,125
Clinical,Clinical Trials,124
Data Analyses,Patients,124
Development,Cohort,124
Goals,Open Source,124
Outcome,Cohort,124
Collaborations,Resources,124
Databases,Process,124
Machine Learning,Site,124
Population,Techniques,124
Address,Phenotype,124
Data Sources,Base,124
Characteristics,Data Set,124
Clinical,Mentors,124
Methods,Reproducibility,124
Complex,Pattern,124
Age,Data,124
Classification,Improved,124
Development,Learning Strategy,124
Health,Structure,124
Healthcare,Patients,124
Alzheimer&Apos,Methods,124
Alzheimer&Apos,Base,124
Affect,Research Personnel,124
Intervention,Innovation,124
Research Personnel,Validation,124
Risk,Predictive Modeling,124
Electronic Health Record,Research Personnel,124
Electronic Health Record,Training,124
Laboratories,Research,123
Complex,Health,123
Artificial Intelligence,Novel,123
Data Analyses,Process,123
Reporting,Work,123
Communities,Image,123
Research,Site,123
Collection,Data,123
Goals,Informatics,123
Algorithms,Future,123
Clinical,Sampling,123
Databases,Training,123
Genomics,Modeling,123
Goals,Variant,123
Machine Learning,Pathway Interactions,123
Methodology,Innovation,123
Algorithms,Electronic Health Record,123
Disease,Health,123
Electronic Health Record,Novel,123
Clinical,Scientist,123
Pattern,Research Personnel,123
Testing,Response,123
Data,Nature,123
Pharmaceutical Preparations,Tool,123
Affect,Disease,123
Patients,Response,123
Algorithms,Learning,123
Goals,Role,123
Training,Career,123
Evaluation,Research,123
Alzheimer&Apos,Research,123
Base,Cost,123
Data,Modernization,123
Validation,Design,123
Big Data,Communities,123
Artificial Intelligence,Research Personnel,123
Data Science,Measures,123
Address,Medical,123
Public Health,Novel,123
Diagnosis,Tool,122
Lead,Testing,122
Improved,Open Source,122
Area,Outcome,122
Healthcare,Modeling,122
Resources,Techniques,122
Resources,Programs,122
Time,Prevent,122
Area,Individual,122
Data,Investigation,122
Data Science,Future,122
Genetic,Base,122
Phenotype,Training,122
Resources,Technology,122
Work,Machine Learning Method,122
Data,Signal Transduction,122
Characteristics,Novel,122
Outcome,Pattern,122
Affect,Development,122
Complex,Risk,122
Health,Risk,122
Technology,Deep Learning,122
Clinical,Evaluation,122
Award,Machine Learning,122
Award,Research,122
Measures,Techniques,122
Foundations,Goals,122
Phase,Base,121
Artificial Intelligence,Testing,121
Future,Process,121
Image,Performance,121
Clinical,Detection,121
Event,Research,121
Data,Computerized Tools,121
Collaborations,Innovation,121
Communities,Databases,121
Data Analyses,Data Science,121
Methods,Experimental Study,121
Phenotype,Testing,121
Methods,Scientist,121
Communities,Ensure,121
Data Analyses,Structure,121
Learning,Deep Learning,121
Affect,Testing,121
Data,Mortality,121
Detection,Tool,121
Learning,Process,121
Time,Learning Strategy,121
Deep Learning,Learning Strategy,121
Goals,Career,121
Alzheimer&Apos,Clinical,121
System,Predictive Modeling,121
Communities,Population,121
Complex,Data Analyses,121
Alzheimer&Apos,Disease,121
Artificial Intelligence,System,120
Machine Learning,Experimental Study,120
Clinical Research,Novel,120
Data,Manuals,120
Training,Cohort,120
Communities,Performance,120
Big Data,Process,120
Ensure,Outcome,120
Bioinformatics,Machine Learning,120
Machine Learning,Skills,120
Development,Machine Learning Algorithm,120
Computer Software,Human,120
Improved,Machine Learning Method,120
Development,Pharmaceutical Preparations,120
Methodology,Outcome,120
Performance,Techniques,120
Research,Translating,120
Research,Member,120
Complex,Technology,120
Work,Learning Strategy,120
Improved,Interest,120
Machine Learning Algorithm,Tool,120
Evaluation,Methods,120
Outcome,Universities,120
Health,Population,120
Funding,Patients,120
Foundations,Work,120
Machine Learning,Translating,120
Electronic Health Record,Tool,120
Address,Environment,120
Research,Experimental Study,119
Complex,Validation,119
Biological Markers,Novel,119
Clinical Research,Time,119
Medical,Training,119
Source,Training,119
Communities,Open Source,119
Detection,Goals,119
Medicine,Research,119
Behavioral,Data,119
Biological,System,119
Process,Risk,119
Risk,System,119
Data Set,Genomics,119
Genetic,Modeling,119
Institution,Machine Learning,119
Institution,Research,119
Phenotype,System,119
Testing,United States National Institutes Of Health,119
Data Sources,Modeling,119
Pattern,Testing,119
Research Personnel,Response,119
Individual,Programs,119
Design,Predictive Modeling,119
Disease,Pattern,119
Role,Time,119
Algorithms,Ensure,119
Computer Software,Experience,119
Novel,Open Source,119
Foundations,Methods,119
Innovation,Predictive Modeling,119
Electronic Health Record,Innovation,119
Data Set,Environment,119
Universities,Design,118
System,Validation,118
Goals,Services,118
Link,Patients,118
Performance,Process,118
Reporting,Tool,118
Source,System,118
Artificial Intelligence,Communities,118
Goals,Prevent,118
Communities,Phenotype,118
Disease,Future,118
Goals,Skills,118
Methods,Statistics,118
Data Set,Scientist,118
Genomics,Improved,118
Human,Patients,118
Deep Learning,Experience,118
Individual,Pattern,118
Individual,Predictive Modeling,118
Reproducibility,Base,118
Data Set,Learning,118
Development,Success,118
Affect,Data Set,118
Performance,Innovation,118
Work,Interest,118
Deep Learning,Innovation,118
Health,Intervention,118
Machine Learning,Medicine,118
Work,Open Source,118
Intervention,Research Personnel,118
Machine Learning,Career,118
Data Science,Electronic Health Record,118
Clinical Data,Outcome,118
Development,Public Health,118
Modeling,Experimental Study,117
Clinical Data,Development,117
Computer Software,Patients,117
Development,Infrastructure,117
Link,Testing,117
Medical,Novel,117
Reporting,Improved,117
Data,Multimodality,117
Research,Science,117
Development,Genomics,117
Disease,Link,117
Generations,Machine Learning,117
Machine Learning,Precision Medicine,117
Testing,Insight,117
Address,Characteristics,117
Brain,Data Set,117
Characteristics,Testing,117
Communities,Source,117
Data Set,Pharmaceutical Preparations,117
Affect,Tool,117
Human,Innovation,117
Learning,Innovation,117
Source,Innovation,117
Training,Learning Strategy,117
Clinical,Prevent,117
Methods,Natural Language Processing,117
Data,Positioning Attribute,117
Knowledge,Measures,117
Public Health,Time,117
Artificial Intelligence,Design,116
Clinical,Reporting,116
Validation,Deep Learning,116
Diagnosis,System,116
Infrastructure,Methods,116
Measurement,Methods,116
Measurement,Modeling,116
Reporting,Novel,116
Data Analyses,Outcome,116
Lead,Outcome,116
Area,Programs,116
Environment,System,116
Machine Learning,Participant,116
Big Data,Population,116
Area,Disease,116
Biological,Training,116
Communities,Methodology,116
Data,Data Integration,116
Development,Sampling,116
Disease,Sampling,116
Pathway Interactions,Base,116
Data Set,Machine Learning Algorithm,116
Machine Learning Method,Tool,116
Data Analyses,Programs,116
Mentors,Modeling,116
Outcome,Phenotype,116
Data Science,Learning,116
Disease,Predictive Modeling,116
Algorithms,Pharmaceutical Preparations,116
Characteristics,Development,116
Data Set,Learning Strategy,116
Knowledge,Source,116
Risk,Experience,116
Natural Language Processing,Improved,116
Complex,Future,116
Clinical,Foundations,116
Clinical,Cost,116
Foundations,Novel,116
Biological Markers,Improved,115
Clinical Data,Data Set,115
Clinical Research,Work,115
Clinical Trials,Research,115
Ensure,Process,115
Patients,Reporting,115
Testing,Cohort,115
Clinical,Medicine,115
Databases,Resources,115
Work,Success,115
Genetic,Methods,115
Data,Multidisciplinary,115
Machine Learning,Molecular,115
Disease,Pharmaceutical Preparations,115
Complex,Programs,115
Methods,Molecular,115
Knowledge,Experience,115
Learning,Design,115
Learning Strategy,Novel,115
Event,Machine Learning,115
Clinical Data,Research Personnel,115
Goals,Cost,115
Address,Clinical Data,115
Address,Role,115
Complex,Measures,115
Monitor,Patients,115
Base,Career,115
Patients,Machine Learning Algorithm,115
Research Personnel,Cohort,115
Goals,Infrastructure,114
Development,Open Source,114
Event,Base,114
Site,Improved,114
Clinical Research,Research Personnel,114
Data,Data Collection,114
Databases,Outcome,114
Ensure,Techniques,114
Healthcare,Outcome,114
Informatics,Methods,114
Modeling,Monitor,114
Bioinformatics,Base,114
Clinical,Genomics,114
Data,Research Project Grants,114
Generations,Research,114
Grant,Machine Learning,114
Methodology,Testing,114
Research,Research Project Grants,114
United States National Institutes Of Health,Innovation,114
Data Sources,Goals,114
Electronic Health Record,Health,114
Electronic Health Record,Testing,114
Brain,Goals,114
Characteristics,Tool,114
Data Science,Funding,114
Data Science,Population,114
Scientist,Tool,114
Lead,Research Personnel,114
Diagnosis,Research Personnel,114
Pharmaceutical Preparations,Testing,114
Affect,Individual,114
Role,Novel,114
Data,Literature,114
Goals,Interest,114
Research Personnel,Role,114
Improved,Success,114
Measures,Experience,114
Future,Knowledge,114
Communities,Environment,114
Diagnosis,Outcome,114
Knowledge,Pattern,114
Complex,Image,113
Computer Software,Image,113
Artificial Intelligence,Deep Learning,113
Caring,Outcome,113
Participant,Research,113
Data,Maps,113
Classification,Clinical,113
Investigation,Research,113
Link,Innovation,113
Methodology,Techniques,113
Research,Precision Medicine,113
Base,Skills,113
Algorithms,Medical,113
Standardization,Base,113
Disease,Performance,113
Outcome,Source,113
Pattern,Techniques,113
Role,Tool,113
Detection,Methods,113
Detection,Work,113
Risk,Design,113
Modeling,Natural Language Processing,113
Performance,Technology,113
Algorithms,Intervention,113
Data,High Dimensionality,113
Technology,Universities,113
Time,Cost,113
Funding,Experience,113
Research Personnel,Career,113
Experience,Programs,113
Biometry,Data,113
Computer Software,Data Analyses,112
Data Set,Lead,112
Collaborations,Outcome,112
Informatics,Modeling,112
Machine Learning,Science,112
Cells,Methods,112
Data Science,Methodology,112
Data Set,Variant,112
Databases,Disease,112
Generations,Base,112
Research Personnel,Skills,112
Data Analyses,Experience,112
Data Sources,Methods,112
Human,Image,112
Research Personnel,Machine Learning Method,112
Training,Response,112
Development,Reproducibility,112
Mentors,Methods,112
Learning,Outcome,112
Outcome,Response,112
Big Data,Structure,112
Big Data,Deep Learning,112
Complex,Source,112
Detection,Novel,112
Diagnosis,Knowledge,112
Knowledge,Learning,112
Knowledge,Risk,112
Environment,Patients,112
Goals,Natural Language Processing,112
Communities,Insight,112
Data Set,Intervention,112
Validation,Innovation,112
Award,Goals,112
Complex,Databases,112
Human,Outcome,112
Methodology,Structure,112
Development,Reporting,111
Data Analyses,Individual,111
Procedures,Research,111
Process,Source,111
Biological,Techniques,111
Population,System,111
Biological,Clinical,111
Communities,United States National Institutes Of Health,111
Disease,Variant,111
Methodology,Patients,111
Pathway Interactions,Research,111
Variant,Tool,111
Brain,Improved,111
Code,Machine Learning,111
Testing,Universities,111
Data Science,Predictive Modeling,111
Pharmaceutical Preparations,Work,111
Algorithms,Phenotype,111
Algorithms,Artificial Intelligence,111
Big Data,Source,111
Classification,Novel,111
Role,Work,111
Work,Machine Learning Algorithm,111
Brain,Novel,111
Data,Risk Factors,111
Big Data,Pattern,111
Foundations,Improved,111
Cohort,Innovation,111
Site,Tool,111
Address,Healthcare,111
Pattern,Risk,111
Measures,Resources,111
Phase,Research,110
Base,Experimental Study,110
Biological Markers,Tool,110
Clinical Data,Tool,110
Clinical Research,Tool,110
Data,Clinical Practice,110
Data Analyses,Ensure,110
Individual,Link,110
Individual,Cohort,110
Measurement,Tool,110
Artificial Intelligence,Outcome,110
Data Analyses,Measures,110
Goals,Medicine,110
Image,Measures,110
Collaborations,Knowledge,110
Data,Computer Science,110
Data Science,Ensure,110
Databases,System,110
Modeling,Prevent,110
Data,Genes,110
Disease,Methodology,110
Algorithms,Biological,110
Population,Design,110
Data Science,Scientist,110
Communities,Funding,110
Goals,Reproducibility,110
Machine Learning,Standardization,110
Data Set,Success,110
Disease,Molecular,110
Outcome,Insight,110
Interest,Novel,110
Knowledge,Performance,110
Performance,Structure,110
Novel,Success,110
Knowledge,Predictive Modeling,110
Address,Interest,110
Disease,Lead,110
Future,Structure,110
Data Science,Intervention,110
Area,Measures,110
Environment,Testing,110
Knowledge,Methodology,110
Artificial Intelligence,Innovation,109
Laboratories,Modeling,109
Process,Validation,109
Collaborations,Process,109
Development,Services,109
Manuals,Base,109
Procedures,Base,109
Services,Base,109
Source,Testing,109
Site,Time,109
Ensure,Resources,109
Informatics,Improved,109
Link,Outcome,109
Methods,Site,109
Future,Resources,109
Cells,Machine Learning,109
Classification,Data Set,109
Generations,Modeling,109
Genomics,Tool,109
Modeling,Statistics,109
Phenotype,Design,109
Sampling,Testing,109
Human,Individual,109
Testing,Machine Learning Algorithm,109
Machine Learning,High Risk,109
Base,High Risk,109
Machine Learning,Nature,109
Reproducibility,Research Personnel,109
Molecular,Research,109
Artificial Intelligence,Disease,109
Disease,Learning,109
Disease,Response,109
Success,Tool,109
Algorithms,Sampling,109
Machine Learning,Malignant Neoplasms,109
Clinical,Mortality,109
Data,Diagnostic,109
Human,Structure,109
Patients,Mortality,109
Source,Design,109
Variant,Novel,109
Architecture,Data,109
Natural Language Processing,Work,109
Intervention,Risk,109
Individual,Validation,109
Measures,Population,109
Data Sources,Work,109
Clinical Trials,Machine Learning,109
Award,Training,109
Award,Base,109
Engineering,Machine Learning,109
Biological Markers,Development,108
Clinical Research,Training,108
Collaborations,Data Analyses,108
Collaborations,Image,108
Ensure,Individual,108
Lead,Process,108
Image,Outcome,108
Time,Open Source,108
Caring,Methods,108
Caring,Novel,108
Goals,Participant,108
Healthcare,Time,108
Informatics,Research Personnel,108
Infrastructure,Research Personnel,108
Machine Learning,Procedures,108
Future,Risk,108
Bioinformatics,Methods,108
Classification,Training,108
Collaborations,Disease,108
Computing Methodologies,Base,108
Disease,Genomics,108
Machine Learning,Research Project Grants,108
Patients,Sampling,108
Research Personnel,Sampling,108
Base,Statistics,108
Area,Health,108
Genomics,Novel,108
Image,Experience,108
Brain,Testing,108
Code,Research,108
Scientist,Time,108
Time,Machine Learning Method,108
Development,Mentors,108
Translating,Base,108
Affect,Algorithms,108
Affect,Outcome,108
Data Set,Interest,108
Modeling,Molecular,108
Interest,Tool,108
Training,Interest,108
Big Data,Technology,108
Environment,Innovation,108
Patients,Prevent,108
Knowledge,Phenotype,108
Translating,Improved,108
Lead,Innovation,108
Process,Predictive Modeling,108
Site,Work,108
Address,Foundations,108
Clinical,Public Health,108
Public Health,Work,108
Data,Physicians,108
System,Universities,107
Measurement,Time,107
Measurement,Improved,107
Medical,System,107
Methods,Services,107
Detection,Development,107
Event,Goals,107
Event,Time,107
Behavior,Data,107
Healthcare,Novel,107
Methods,Prevent,107
Monitor,Novel,107
Process,Programs,107
Techniques,Programs,107
Future,Techniques,107
Genomics,Research Personnel,107
Goals,Pathway Interactions,107
Mission,Research,107
Health,Medical,107
Individual,Deep Learning,107
Modeling,Scientist,107
Code,Base,107
Data Set,Machine Learning Method,107
Data Science,Lead,107
Data Set,Reproducibility,107
Funding,Design,107
Funding,Programs,107
Outcome,United States National Institutes Of Health,107
Standardization,Improved,107
Complex,Phenotype,107
Disease,Role,107
Molecular,Base,107
Diagnosis,Design,107
Improved,Mortality,107
Image,Technology,107
Monitor,Tool,107
Electronic Health Record,Risk,107
Knowledge,Universities,107
Funding,System,107
Disease,Population,107
Foundations,Time,107
Measures,Pattern,107
Big Data,Data Analyses,107
Data,Life,107
Engineering,Base,107
Data,Hospitals,106
Infrastructure,Modeling,106
Infrastructure,Base,106
Link,Process,106
Medical,Testing,106
Reporting,Training,106
Medicine,Improved,106
Behavioral,Machine Learning,106
Behavioral,Research,106
Biological,Process,106
Collection,Base,106
Data Science,Environment,106
Medical,Outcome,106
Methods,Monitor,106
Individual,Resources,106
Classification,Development,106
Communities,Future,106
Computing Methodologies,Methods,106
Genetic,Goals,106
Grant,Research Personnel,106
Pattern,Process,106
Data Science,Mentors,106
Development,Machine Learning Method,106
Complex,Link,106
Complex,Response,106
Process,Insight,106
Data Science,Risk,106
Learning,Structure,106
Monitor,Training,106
Reproducibility,Novel,106
Research,Risk Factors,106
Testing,Programs,106
Modernization,Research,106
Evaluation,Modeling,106
Biometry,Research,106
Communities,Risk,106
Electronic Health Record,System,106
Universities,Experience,106
Clinical Data,Testing,105
Clinical Trials,Patients,105
Clinical Trials,Base,105
Computer Software,Individual,105
Data,Label,105
Services,Work,105
Computer Software,Outcome,105
Collaborations,Techniques,105
Informatics,Novel,105
Bioinformatics,Goals,105
Bioinformatics,Research Personnel,105
Collaborations,Technology,105
Computing Methodologies,Machine Learning,105
Genomics,Training,105
Goals,Statistics,105
Methodology,Process,105
Modeling,Pathway Interactions,105
Biological,Deep Learning,105
Patients,Scientist,105
Data,Data Sharing,105
Outcome,Pharmaceutical Preparations,105
Algorithms,Link,105
Molecular,Novel,105
Clinical,Interest,105
Data Set,Detection,105
Image,Innovation,105
Machine Learning,Mortality,105
Data Science,Career,105
Positioning Attribute,Research,105
Data,Resolution,105
Dimensions,Modeling,105
Area,Funding,105
Population,Experience,105
Data Sources,Research Personnel,105
Address,Evaluation,105
Population,Predictive Modeling,105
Innovation,Response,105
Future,Health,105
Measures,Risk,105
Bioinformatics,Novel,105
Patients,Physicians,105
Physicians,Improved,105
Techniques,Cohort,105
Complex,Methodology,105
Machine Learning,Member,105
Biological Markers,Time,104
Data,Publications,104
Modeling,Services,104
Services,Tool,104
Behavioral,Goals,104
Big Data,Databases,104
Development,Healthcare,104
Informatics,Time,104
Link,Resources,104
Methods,Participant,104
Novel,Prevent,104
Area,Data Analyses,104
Bioinformatics,Development,104
Data,Statistical Methods,104
Data,Genomic Data,104
Data Science,United States National Institutes Of Health,104
Disease,United States National Institutes Of Health,104
Goals,Grant,104
Methods,Pathway Interactions,104
Methods,Skills,104
United States National Institutes Of Health,Design,104
Statistics,Tool,104
Data Set,Data Sources,104
Human,Experience,104
Clinical,Machine Learning Method,104
Training,Machine Learning Method,104
High Risk,Improved,104
Collaborations,Structure,104
Mentors,Outcome,104
Biological Markers,Disease,104
Techniques,Validation,104
Pattern,System,104
System,Response,104
Age,Base,104
Big Data,Learning,104
Clinical,Career,104
Development,Evaluation,104
Address,Success,104
Dimensions,Methods,104
Dimensions,Base,104
Disease,Ensure,104
Communities,Universities,104
Data Sources,Time,104
Public Health,Tool,104
Research,Multidisciplinary,104
Patients,Machine Learning Method,104
Caring,Testing,104
Public Health,Innovation,104
Outcome,Machine Learning Algorithm,104
Computer Software,Resources,104
Reporting,Testing,103
Development,Measurement,103
Individual,Performance,103
Measurement,Work,103
Clinical,Site,103
Medicine,Base,103
Biological,Knowledge,103
Goals,Science,103
Knowledge,Medical,103
Algorithms,Databases,103
Big Data,Future,103
Bioinformatics,Data Set,103
Biology,Data,103
Classification,Disease,103
Clinical,Genetic,103
Investigation,Methods,103
System,United States National Institutes Of Health,103
Work,Statistics,103
Data Sources,Novel,103
Characteristics,Individual,103
Characteristics,Research Personnel,103
Computer Software,Databases,103
Individual,Universities,103
Individual,Response,103
Reproducibility,Tool,103
Communities,Learning,103
Malignant Neoplasms,Research,103
Research,Signal Transduction,103
Pattern,Design,103
Age,Research,103
Disease,Risk,103
Performance,Experience,103
Research,Mortality,103
Source,Experience,103
Time,Interest,103
Scientist,Innovation,103
Development,Natural Language Processing,103
Phenotype,Deep Learning,103
Pharmaceutical Preparations,Research Personnel,103
Resources,Deep Learning,103
Alzheimer&Apos,Data Set,103
Address,Monitor,103
Evaluation,Improved,103
Future,Predictive Modeling,103
Machine Learning,Modernization,103
Data Analyses,Knowledge,103
Environment,Experience,103
Disease,Cohort,103
Data Collection,Research,102
Modeling,Phase,102
Image,Validation,102
Biological Markers,Data Set,102
Clinical Trials,Goals,102
Data Analyses,Image,102
Data Set,Measurement,102
Infrastructure,Improved,102
Manuals,Research,102
Measurement,Novel,102
Services,Improved,102
Data Analyses,Deep Learning,102
Event,Modeling,102
Modeling,Site,102
Area,Collaborations,102
Environment,Design,102
Medical,Research Personnel,102
Research,Computer Science,102
Data Analyses,Resources,102
Databases,Innovation,102
Institution,Modeling,102
Institution,Base,102
Investigation,Machine Learning,102
Methodology,System,102
Phenotype,Techniques,102
Phenotype,Innovation,102
Sampling,Training,102
Data Analyses,Human,102
Phase,Improved,102
Characteristics,Training,102
Research,High Risk,102
Mentors,Work,102
Clinical,Success,102
Disease,Success,102
Pharmaceutical Preparations,Training,102
System,Insight,102
Design,Interest,102
Data Science,Performance,102
Base,Mortality,102
Area,Structure,102
Techniques,Universities,102
Area,Complex,102
Area,Performance,102
Data Sources,Tool,102
Algorithms,Funding,102
Individual,Intervention,102
Machine Learning,Multidisciplinary,102
Award,Improved,102
Machine Learning,Positioning Attribute,102
Databases,Structure,102
Healthcare,Work,102
Knowledge,Lead,102
Award,Clinical,102
Clinical Data,Innovation,102
Informatics,Patients,102
Mentors,Patients,102
Measures,Technology,102
Methodology,Experience,102
Computer Software,Deep Learning,101
Artificial Intelligence,Image,101
Biological Markers,Patients,101
Detection,Training,101
Event,Patients,101
Goals,Site,101
Medicine,Patients,101
Collection,Research,101
Development,Informatics,101
Machine Learning,Multimodality,101
Outcome,Programs,101
Population,Process,101
Resources,Risk,101
Biological,Data Analyses,101
Biological,Innovation,101
Cells,Base,101
Classification,Tool,101
Disease,Genetic,101
Genetic,Research Personnel,101
Modeling,Precision Medicine,101
Technology,United States National Institutes Of Health,101
Data Analyses,Health,101
Data Set,Electronic Health Record,101
Data,Text,101
Data Science,Human,101
Funding,Individual,101
Funding,Testing,101
Communities,Predictive Modeling,101
Funding,Outcome,101
Goals,Translating,101
Goals,Member,101
Training,Success,101
Biological,Structure,101
Machine Learning,Signal Transduction,101
Diagnosis,Deep Learning,101
Image,Knowledge,101
Literature,Machine Learning,101
Literature,Base,101
Machine Learning,Manuals,101
Time,Mortality,101
Algorithms,Methodology,101
Knowledge,Pharmaceutical Preparations,101
Evaluation,Goals,101
Ensure,Technology,101
Complex,Population,101
Pattern,Innovation,101
Intervention,Experience,101
Collaborations,Experience,101
Public Health,Training,101
Research Personnel,Learning Strategy,101
Clinical,Data Sources,101
Award,Research Personnel,101
Biometry,Machine Learning,101
Funding,Resources,101
Patients,Cost,101
Health,Measures,101
Caring,Work,101
Outcome,Public Health,101
Electronic Health Record,Design,101
Development,Phase,100
Clinical Data,Training,100
Diagnosis,Individual,100
Image,Individual,100
Big Data,Data Science,100
Caring,Development,100
Caring,System,100
Data Science,Link,100
Machine Learning,Computer Science,100
Participant,Base,100
Address,Classification,100
Cells,Research,100
Classification,Work,100
Clinical,Variant,100
Collaborations,Methodology,100
Computing Methodologies,Development,100
Computing Methodologies,Research,100
Data,Mission,100
Data Analyses,Databases,100
Development,Variant,100
Development,Statistics,100
Genomics,Work,100
Scientist,Novel,100
Brain,Time,100
Clinical,High Risk,100
Collaborations,Human,100
Collaborations,Universities,100
Development,Standardization,100
Nature,Base,100
Phenotype,Structure,100
Data Set,Molecular,100
Affect,Health,100
Age,Goals,100
Clinical,Role,100
Complex,Learning,100
Time,Variant,100
Human,Phenotype,100
Evaluation,Novel,100
Address,Reproducibility,100
Dimensions,Machine Learning,100
Health,Link,100
Funding,Technology,100
Work,Cost,100
Computer Software,Structure,100
Design,Open Source,100
Big Data,Predictive Modeling,100
Risk,High Risk,100
Testing,Prevent,100
Training,Insight,100
Patients,Public Health,100
Public Health,Testing,100
Pattern,Predictive Modeling,100
Clinical,Physicians,100
Knowledge,Validation,100
Intervention,Techniques,100
Goals,Phase,99
Biological Markers,Work,99
Manuals,Modeling,99
Outcome,Reporting,99
Behavior,Machine Learning,99
Knowledge,Link,99
Medical,Design,99
Research,Multimodality,99
Techniques,Success,99
Bioinformatics,Tool,99
Data,Series,99
Development,Genetic,99
Institution,Training,99
Investigation,Base,99
Methods,Precision Medicine,99
Variant,Work,99
Biological,Human,99
Health,Human,99
Individual,United States National Institutes Of Health,99
Techniques,Insight,99
Brain,Clinical,99
Brain,Image,99
Research,Text,99
Goals,Standardization,99
Modeling,Nature,99
Malignant Neoplasms,Tool,99
Algorithms,Response,99
Complex,Sampling,99
Genetic,Novel,99
Link,Structure,99
Structure,Insight,99
Design,Response,99
Affect,Big Data,99
Big Data,Human,99
Complex,Performance,99
Goals,Mortality,99
Role,Training,99
Caring,Innovation,99
Career,Improved,99
Knowledge,Response,99
Development,Cost,99
Clinical Data,Complex,99
Address,Biological Markers,99
Big Data,Intervention,99
Knowledge,Insight,99
Medical,Innovation,99
Complex,Cohort,99
Research Personnel,Member,99
Foundations,Training,99
Reporting,System,98
Clinical Data,System,98
Clinical Trials,Modeling,98
Data,Large Datasets,98
Communities,Cohort,98
Measures,Deep Learning,98
Medicine,Modeling,98
Databases,Knowledge,98
Healthcare,Methods,98
Healthcare,Design,98
Address,Genomics,98
Classification,Patients,98
Generations,Tool,98
Institution,Work,98
Individual,Insight,98
United States National Institutes Of Health,Experience,98
Bioinformatics,Improved,98
Data,Heterogeneity,98
Goals,High Risk,98
Pattern,Population,98
Testing,Machine Learning Method,98
Time,High Risk,98
Data Set,Standardization,98
Informatics,Tool,98
Methods,Standardization,98
Deep Learning,Predictive Modeling,98
Algorithms,Programs,98
Age,Machine Learning,98
Disease,Learning Strategy,98
Modeling,Mortality,98
Role,Testing,98
Goals,Positioning Attribute,98
Address,Alzheimer&Apos,98
Methods,High Dimensionality,98
Positioning Attribute,Base,98
System,Machine Learning Algorithm,98
Address,Open Source,98
Complex,Ensure,98
Disease,Open Source,98
Foundations,Modeling,98
Resources,Universities,98
Algorithms,Lead,98
Intervention,System,98
Risk,Validation,98
Address,Mentors,98
Data Set,Public Health,98
Databases,Experience,98
Mentors,Time,98
Physicians,Base,98
Data Collection,Machine Learning,97
Experimental Study,Tool,97
Clinical,Clinical Practice,97
Data,Magnetic Resonance Imaging,97
Data,Symptoms,97
Diagnosis,Image,97
Lead,System,97
Clinical Research,Outcome,97
Data,Publishing,97
Behavioral,Methods,97
Biological,Resources,97
Methods,Science,97
Area,Future,97
Computing Methodologies,Work,97
Data,Data Management,97
Generations,Methods,97
Sampling,Techniques,97
Skills,Tool,97
Algorithms,United States National Institutes Of Health,97
Code,Methods,97
Brain,Development,97
Funding,Structure,97
Individual,Phenotype,97
Methods,Nature,97
Modeling,Standardization,97
Nature,Research,97
Reproducibility,Improved,97
Scientist,Design,97
Structure,Programs,97
Data Set,Malignant Neoplasms,97
Goals,Malignant Neoplasms,97
